,contactPointID,contactPoint,contactPointEmail
0,40000,Null Null,
1,40001,Mülmenstädt Johannes,
2,40002,Gouretski Viktor,
3,40003,Scherler Dirk,
4,40004,Porwollik Vera,
5,40005,Edwards Peter,
6,40006,De Chiara Gabriele,
7,40007,Yarra Tejaswi,
8,40008,Besacier Laurent,
9,40009,Blanchet Cécile L.,
10,40010,Faulds Karen,
11,40011,Kaplan Nils Hinrich,
12,40012,O Andrey,
13,40013,Wilson Robert,
14,40014,Chakravarthi Ramakrishna,
15,40015,Mishra Puneet,
16,40016,Zhang Liang,
17,40017,Tehrani Bernard Omidvar,
18,40018,Jeffery Mairi Louise,
