,Unnamed: 0,creatorPersonID,creatorPersonName,ORCID
0,0,10000,Stephan Andre,
1,1,10001,Jules Bergis,
2,2,10002,Loveday Benjamin,
3,3,10003,Smyth Timothy J,
4,4,10004,Diago Maria P.,0000-0003-4049-0879
5,5,10005,Bouchut Anne,
6,6,10006,R. Chawla Aarti,
7,7,10007,Jeffers Victoria,0000-0003-1233-1088
8,8,10008,Hudmon Andy,
9,9,10009,J. Sullivan Jr. William,
10,10,10010,Robertson Stuart,
11,11,10011,Mario,
12,12,10012,Lisa,
13,13,10013,Alarcón Marisa,0000-0002-8175-4845
14,14,10014,Aldasoro Juan J.,0000-0002-6356-1599
15,15,10015,Sanmartín Isabel,
16,16,10016,Albert Lois E.,
17,17,10017,Talavera David,0000-0002-8820-3931
18,18,10018,Orozco Modesto,
19,19,10019,Cruz Xavier De La,0000-0002-9738-8472
20,20,10020,Dan Grahn,
21,21,10021,Zehner Richard,
22,22,10022,Yao Wei,
23,23,10023,Stengel Martin,
24,24,10024,Fuchs Petra,
25,25,10025,Finkensieper Stephan,0000-0002-7343-661X
26,26,10026,Werscheck Martin,
27,27,10027,Van Zadelhoff Gerd-Jan,0000-0002-1974-1998
28,28,10028,Benas Nikolaos,
29,29,10029,Sevvandi Kandanaarachchi,0000-0002-0337-0395
30,30,10030,Acosta Mario Munoz,
31,31,10031,Smith-Miles Kate,
32,32,10032,Hyndman Rob,
33,33,10033,Moumi Nazifa Ahmed,
34,34,10034,Davis Matt,
35,35,10035,Joost Hazelzet,
36,36,10036,Rouger Romuald,0000-0002-7227-4719
37,37,10037,Reichel Katja,0000-0001-9052-3179
38,38,10038,Stoeckel Solenn,0000-0001-6064-5941
39,39,10039,Malrieu Florent,
40,40,10040,Masson Jean Pierre,
41,41,10041,Beige Joachim,
42,42,10042,A. Katz Laura,
43,43,10043,R. Grant Jessica,
44,44,10044,Brodsky Alexander S,
45,45,10045,Carmo-Fonseca Maria,
46,46,10046,Vaughn Lydia,
47,47,10047,Couloux Arnaud,
48,48,10048,Wincker Patrick,
49,49,10049,Jean Marc,
50,50,10050,Noel Benjamin,0000-0002-5830-3253
51,51,10051,Cruaud Corinne,
52,52,10052,Da Silva Corinne,
53,53,10053,Lemainque Arnaud,
54,54,10054,Dutreux Fabien',
55,55,10055,Lapalu Nicolas,
56,56,10056,Linglin Juliette,
57,57,10057,Rouxel Thierry,
58,58,10058,Balesdent Marie-Hélène,
59,59,10059,Cooper Catherine M.,
60,60,10060,Miller Meghan Samantha,0000-0001-5494-2296
61,61,10061,Moresi Louis,
62,62,10062,Noisette Fanny,
63,63,10063,Hurd Catriona L,
64,64,10064,Ortiz Fernanda,
65,65,10065,Hernan Sanabria,
66,66,10066,Fonseca Andres,
67,67,10067,Lizi Chen,
68,68,10068,Melda Özdin,
69,69,10069,Guo Weisi,
70,70,10070,Hendrik,
71,71,10071,Brey Thomas,
72,72,10072,Barker Ryan,
73,73,10073,Dixie Newsome,
74,74,10074,Maxim Odegov,
75,75,10075,Lanini Jessica,
76,76,10076,Hayden Benjamin,0000-0002-7678-4281
77,77,10077,Pragathi Priyadharsini Balasubramani,
78,78,10078,Quanyin Hu,
79,79,10079,Maire Florian,
80,80,10080,Friel Nial,
81,81,10081,Mira Antonietta,
82,82,10082,Zeping Yu,
83,83,10083,Mario Pasquato,
84,84,10084,Paul Mooney,
85,85,10085,Albert Costas,
86,86,10086,Mathies Laura,0000-0002-2749-6531
87,87,10087,Surjyendu Ray,
88,88,10088,Lopez-Alvillar Kayla,
89,89,10089,Arbeitman Michelle,0000-0002-2437-4352
90,90,10090,Davies Andrew,
91,91,10091,Lozhnikov Nikita,0000-0002-2875-8708
92,92,10092,Derczynski Leon,0000-0002-8656-3431
93,93,10093,Mazzara Manuel,
94,94,10094,Yuanjie Li,
95,95,10095,Hooper David,
96,96,10096,Collins Joel,0000-0002-9382-7511
97,97,10097,Turner Jessica,
98,98,10098,Nichols Thomas,
99,99,10099,Mooney Meghan,
100,100,10100,Sigrin Ben,
101,101,10101,Pémille Clément Vialatte De,
102,102,10102,Mitesh Kumar Singh,
103,103,10103,Martin Emily S.,
104,104,10104,A. F. Long Tristan,
105,105,10105,Feiyang Ma,
106,106,10106,Menghan Hu,
107,107,10107,Chang Nadine,
108,108,10108,Pyles John,
109,109,10109,Marcus Austin,
110,110,10110,Abhinav Gupta,
111,111,10111,Tarr Michael,
112,112,10112,Aminoff Elissa,0000-0002-6455-8930
113,113,10113,Gajewski Konrad J.,
114,114,10114,Gor Khachatryan,
115,115,10115,Yang Hua,
116,116,10116,Chengran Zhou,
117,117,10117,Guolin Li,
118,118,10118,Wang Jing,
119,119,10119,Gao Ping,
120,120,10120,Maolin Wang,
121,121,10121,Wang Rui,
122,122,10122,Zhao Yun,
123,123,10124,"Harris Rebecca B.,",
124,124,10125,D. Francis Clinton,
125,125,10126,Aschonitis Vassilis G,0000-0003-4852-5992
126,126,10127,Mastrocicco Micol,
127,127,10128,Ghirardini Andrea,0000-0002-6085-4441
128,128,10129,Papamichail Dimitris,
129,129,10130,Kleoniki,
130,130,10131,Colombani Nicolo,
131,131,10132,Castaldelli Giuseppe,
132,132,10133,Fano Elisa-Anna,
133,133,10134,Eaves Joanne,
134,134,10135,Attridge Nina,0000-0001-9586-372X
135,135,10136,Gilmore Camilla,
136,136,10137,Heathcote John A.,
137,137,10138,Charbonneau Amanda,
138,138,10139,Tack David,
139,139,10140,Lale Allison,
140,140,10141,Goldston Josh,
141,141,10142,Caple Mackenzie,
142,142,10143,Conner Emma,
143,143,10144,Barazani Oz,
144,144,10145,Ziffer-Berger Jotham,
145,145,10146,Dworkin Ian,
146,146,10147,Conner Jeff,
147,147,10148,Miguet Paul,
148,148,10149,Lavigne Claire,0000-0003-2869-5177
149,149,10150,Vaughan Brett,
150,150,10151,Fitzgerald Kylie,0000-0002-2412-0889
151,151,10152,Fleischmann Michael,0000-0002-2152-1193
152,152,10153,Ceausu Silvia,0000-0002-6278-6075
153,153,10154,Merckx Thomas,0000-0002-6195-3302
154,154,10155,Sossai Esther,
155,155,10156,Sapage Manuel,
156,156,10157,Murilo Miranda,
157,157,10158,Pereira Henrique M.,
158,158,10159,Franz Hell,
159,159,10160,Abien Fred Agarap,
160,160,10161,Nguyen Thanh,
161,161,10162,Graham David,
162,162,10163,Zheng Jianqiu,
163,163,10164,Herrero Javier,0000-0002-5741-6301
164,164,10165,Pimentel Rafael,
165,165,10166,Luo Ting,
166,166,10167,Sandeep Krishnan,
167,167,10168,Tamine Lynda,
168,168,10169,Lombardot Thierry,0000-0003-4157-0029
169,169,10170,Kottmann Renzo,
170,170,10171,Pfeffer Hauke,
171,171,10172,Richter Michael,
172,172,10173,Teeling Hanno,
173,173,10174,Frank Oliver,
174,174,10175,W. Rouse Greg,
175,175,10176,Wilson Nerida G.,
176,176,10177,Carvajal Jose I.,
177,177,10178,Vrijenhoek Robert C.,
178,178,10180,Bravo Carlos,
179,179,10181,Cordovez Juan Manuel,
180,180,10182,Renjifo Camila,
181,181,10183,Santos-Vega Mauricio,
182,182,10184,Truoc Pham,
183,183,10185,Novikova Jekaterina,0000-0003-4754-6126
184,184,10186,Rieser Verena,
185,185,10187,Anna Montoya,
186,186,10188,Fichter Andreas,0000-0002-9002-3892
187,187,10189,Mücke Thomas,
188,188,10190,Ritschl Lucas,
189,189,10191,Humbs Martin,
190,190,10192,Luppa Peter,
191,191,10193,Wolff Klaus-Dietrich,
192,192,10194,Faccenda Manuele,
193,193,10195,Huffman G. J.,
194,194,10196,Bolvin D. T.,
195,195,10197,Nelkin E. J.,
196,196,10198,Adler R. F.,
197,197,10199,Jovanović Sanja Manitašević,0000-0003-2100-6666
198,198,10200,Budečević Sanja,0000-0001-7672-8901
199,199,10201,Wang Hui,
200,200,10202,Sapir Yuval,
201,201,10203,Imbert Eric,
202,202,10204,Hale Matthew C.,
203,203,10205,Colletti John A.,
204,204,10206,"Gahr Scott A.,",
205,205,10207,Scardina Julie,
206,206,10208,Thrower Frank P.,
207,207,10209,Harmon Matthew,
208,208,10210,Carter Megan,
209,209,10211,Phillips Ruth B.,
210,210,10212,H. Thorgaard Gary,
211,211,10213,Nichols Krista M.,
212,212,10214,Aakaash Jois,
213,213,10215,Nathan Cohen,
214,214,10216,Abbas Tahir,
215,215,10217,Brocklehurst Neil,
216,216,10218,Yong Hoon,
217,217,10219,Gabriel Rosinol,
218,218,10220,Pranay Aryal,
219,219,10221,Yan Han,
220,220,10222,Yury Kashnitskiy,
221,221,10223,Keval M,
222,222,10224,Armineh Nourbakhsh,
223,223,10225,Olga Belitskaya,
224,224,10226,Wenxian Peng,0000-0001-9889-3537
225,225,10227,Neeraj Kasturi,
226,226,10228,Zheng Yi,
227,227,10229,Ruoque Shen,
228,228,10230,Yawen Wang,
229,229,10231,Xiangqian Li,
230,230,10232,Shuguang Liu,
231,231,10233,Shunlin Liang,
232,232,10234,Chen Jing M.,
233,233,10235,Weimin Ju,0000-0002-0010-7401
234,234,10236,Zhang Li,
235,235,10237,Mouchet Maud,
236,236,10238,Turkelboom Francis,0000-0002-6317-9808
237,237,10239,Byczek Coline,
238,238,10240,Meersmans Jeroen,0000-0001-6614-1453
239,239,10241,Lavorel Sandra,
240,240,10242,Zimmer Niklas,0000-0001-8078-0403
241,241,10244,Mota Lucie,
242,242,10245,Torices Rubén,0000-0001-9604-1111
243,243,10246,Loureiro João,
244,244,10247,Xuecao Li,0000-0002-6942-0746
245,245,10248,Yuyu Zhou,
246,246,10249,Meng Lin,0000-0002-1603-4200
247,247,10250,Ghassem Asrar,
248,248,10251,Chaoqun Lu,
249,249,10252,Qiusheng Wu,0000-0001-5437-4073
250,250,10253,Whitman Brian,
251,251,10254,Lamere Paul,
252,252,10255,Leme Luiz André,
253,253,10256,Neves Júnior Angelo Batista,
254,254,10257,Mohamed Loey,
255,255,10258,Navneet Surana,
256,256,10259,Yi Ming,0000-0001-9098-1364
257,257,10260,Horton Jay D,
258,258,10261,Cohen Jonathan C,
259,259,10262,Hobbs Helen H,
260,260,10263,Stephens Robert M,
261,261,10264,Christian Urcuqui Andrés Navarro,
262,262,10265,Zhu Jamie,
263,263,10266,Lazzari Barbara,
264,264,10267,Frattini Stefano,
265,265,10268,Chessa Stefania,0000-0001-9720-5982
266,266,10269,Talenti Andrea,0000-0003-1309-3667
267,267,10270,Castiglioni Bianca,
268,268,10271,Marsan Paolo,
269,269,10272,Crepaldi Paola,
270,270,10273,Pagnacco Giulio,0000-0002-5013-5179
271,271,10274,Williams John,
272,272,10275,Stella Alessandra,
273,273,10276,Chen Jin,
274,274,10277,Goodale Uromi,0000-0003-3111-8899
275,275,10278,Kotagama Sarath Wimalabandara,
276,276,10279,Sidhu Swati,
277,277,10280,Goodale Eben,0000-0003-3403-2847
278,278,10281,Morais Camilo,
279,279,10282,Lima Kassio,
280,280,10283,Daniel Grijalva,
281,281,10284,maheshwari gaurav,
282,282,10285,Kucuk Ahmet,
283,283,10286,Banda Juan M.,0000-0001-8499-824X
284,284,10287,Angryk Rafal A.,
285,285,10288,Nichols Thomas,
286,286,10289,C. Bagley Justin,0000-0001-6737-8380
287,287,10290,Alda Fernando,
288,288,10291,Breitman Maria F.,
289,289,10292,Bermingham Eldredge,
290,290,10293,P. van,
291,291,10294,Berghe Eric,
292,292,10295,B. Johnson Jerald,
293,293,10297,Florea Raluca,
294,294,10298,Stray Viktoria,
295,295,10299,Simone Luigi De,
296,296,10300,Liguori Pietro,
297,297,10301,Catalano Santiago A.,
298,298,10302,Marcos D.,
299,299,10303,Alvaro Flores,
300,300,10304,Kevin Mader,
301,301,10305,Uddeshya Singh,
302,302,10306,Jong Maarten De,
303,303,10307,Chen Wei,
304,304,10308,Geerlings Henry,
305,305,10309,Asta Mark,
306,306,10310,Persson Kristin,0000-0003-2495-5509
307,307,10311,Halchenko Yaroslav,
308,308,10314,Fernando Fernandez,
309,309,10315,Wang Xin-Cun,
310,310,10316,Mülmenstädt Johannes,
311,311,10317,Sourdeval Odran,0000-0002-2822-5303
312,312,10318,Henderson David S.,
313,313,10319,L’Ecuyer Tristan S.,
314,314,10320,Russell Lynn M.,
315,315,10321,Das Samir,
316,316,10322,Madjar Cécile,0000-0003-1108-031X
317,317,10323,Sengupta Ayan,
318,318,10324,Mohades Zia,
319,319,10325,Dupuis Julian,
320,320,10326,Peigler Richard,
321,321,10327,Geib Scott,0000-0002-9511-5139
322,322,10328,Yeung Ka Yee,0000-0002-1754-7577
323,323,10329,Medvedovic Mario,
324,324,10330,Bumgarner Roger E,
325,325,10331,Rankin Brian D.,
326,326,10332,W. Fox Jeremy,
327,327,10333,Barrón-Ortiz Christian R.,
328,328,10334,Chew Amy E.,
329,329,10335,A. Holroyd Patricia,0000-0003-1292-6356
330,330,10336,Ludtke Joshua A.,
331,331,10337,Yang Xingkai,
332,332,10338,M. Theodor Jessica,
333,333,10339,Lerner Yulia,
334,334,10340,Scherf K. Suzy,0000-0002-0696-6362
335,335,10341,Katkov Mikhail,0000-0002-9532-8484
336,336,10342,Hasson Uri,0000-0002-3599-7168
337,337,10343,Behrmann Marlene,
338,338,10344,Gouretski Viktor,
339,339,10345,Lamaze Fabien C.,
340,340,10346,Scott A.,
341,341,10347,Normandeau Eric,0000-0003-2841-9391
342,342,10348,Roy Gabriel,
343,343,10349,Garant Dany,
344,344,10350,Nghia T.,
345,345,10351,Robert C.,
346,346,10352,Drakopoulos Michael,
347,347,10353,Scherler Dirk,0000-0003-3911-2803
348,348,10354,Wulf Hendrik,
349,349,10355,Gorelick Noel,
350,350,10361,Susan K.,
351,351,10362,Müller Christoph,
352,352,10363,Rolinski Susanne,
353,353,10364,Oltean Mihai,
354,354,10365,Toet Alexander,
355,355,10366,Erp Jan B.F. Van,0000-0002-6511-2850
356,356,10367,Boertjes Erik M.,
357,357,10368,Buuren Stef Van,
358,358,10369,Gowan Evan J,0000-0002-0119-9440
359,359,10370,Niu Lu,0000-0002-8314-7416
360,360,10371,Knorr Gregor,
361,361,10372,Lohmann Gerrit,
362,362,10373,Jaillard Benoît,
363,363,10374,Violle Cyrille,
364,364,10375,Vishal Sourav,
365,365,10376,Möller Marco,0000-0002-4503-0989
366,366,10377,Möller Rebecca,
367,367,10378,Borner Janus,0000-0001-9612-6668
368,368,10379,Pick Christian,
369,369,10380,Thiede Jenny,
370,370,10381,Kolawole Olatunji Matthew,
371,371,10382,Tanyi Kingsley Manchang,
372,372,10383,M. Cottontail Veronika,
373,373,10384,Wellinghausen Nele,
374,374,10385,Dumas Patrice,
375,375,10386,Wirsenius Stefan,
376,376,10387,Beringer Tim,
377,377,10388,Searchinger Tim D,
378,378,10389,Niu Shan-Ce,0000-0002-1636-0217
379,379,10390,Xu Qing,
380,380,10391,Zhang Guo-Qiang,0000-0001-6439-019X
381,381,10392,Zhang Yong-Qiang,
382,382,10393,Tsai Wen-Chieh,
383,383,10394,Hsu Jui-Ling,
384,384,10395,Liang Chieh-Kai,
385,385,10396,Luo Yi-Bo,
386,386,10397,Liu Zhong-Jian,0000-0003-4390-3878
387,387,10398,Magdamo Colin,
388,388,10399,Feng,
389,389,10400,Buer Jan,
390,390,10401,Zeng An-Ping,
391,391,10402,Yubo Zhang,
392,392,10403,Causey Dwight,
393,393,10404,Pohl Moritz,
394,394,10405,Stead David,
395,395,10406,Martin Samuel,
396,396,10407,Secombes Christopher,
397,397,10408,Hoffman Gabriel E.,
398,398,10409,Bendl Jaroslav,0000-0001-9989-2720
399,399,10410,Montgomery Kelsey S.,
400,400,10411,Sloofman Laura,
401,401,10412,Ying-Chih Wang,
402,402,10413,Hardik R. Shah,
403,403,10414,Hauberg Mads E.,0000-0003-4873-2764
404,404,10415,Johnson Jessica S.,0000-0002-4519-3120
405,405,10416,Girdhar Kiran,
406,406,10417,Lingyun Song,
407,407,10418,Fullard John F.,
408,408,10419,Kramer Robin,
409,409,10420,Chang-Gyu Hahn,
410,410,10421,Gur Raquel,
411,411,10422,Marenco Stefano,
412,412,10423,Barbara K.,
413,413,10424,Lewis David A.,
414,414,10425,Haroutunian Vahram,0000-0001-5860-2512
415,415,10426,Hemby Scott,0000-0002-6987-1133
416,416,10427,Sullivan Patrick,
417,417,10428,Buxbaum Joseph D.,
418,418,10429,Greg E.,
419,419,10430,Devlin Bernie,
420,420,10431,Solveig K.,
421,421,10432,Peters Mette A.,
422,422,10433,Bobby-Joe Breitkreutz,
423,423,10434,Stark Chris,
424,424,10435,Tyers Mike,
425,425,10436,Jean-Charles Lambert,
426,426,10438,Kim Schreier,
427,427,10439,Deepak Gupta,
428,428,10443,Mrdjenovich David,
429,429,10444,Ballouz Eric,
430,430,10445,Liu Miao,0000-0002-1843-9519
431,431,10446,Winston Donald,
432,432,10447,Graf Tanja,
433,433,10448,Thomas D.,
434,434,10449,Prinz Fritz B.,
435,435,10451,Zubiaga Arkaitz,0000-0003-4583-3623
436,436,10452,Kochkina Elena,
437,437,10453,Gorrell Genevieve,0000-0002-8324-606X
438,438,10454,Aker Ahmet,
439,439,10455,Bontcheva Kalina,
440,440,10456,Liakata Maria,
441,441,10457,Zanivan Sara,0000-0002-9880-9099
442,442,10458,Cascone Ilaria,
443,443,10459,Peyron Chiara,
444,444,10460,Molineris Ivan,0000-0003-2102-0804
445,445,10461,Marchio Serena,
446,446,10462,Caselle Michele,
447,447,10463,Bussolino Federico,
448,448,10465,Gustavo Bonesso,
449,449,10467,John Sumerel,
450,450,10468,Wong Zhiwei,
451,451,10469,Saudabayev Artur,
452,452,10470,Varol Atakan Huseyin,
453,453,10471,Khassenova Raykhan,
454,454,10472,Monika Munjal,
455,455,10473,Newburn A.,
456,456,10474,Harris Martyn,
457,457,10475,Levene Mark,
458,458,10476,Li Qingxiang,
459,459,10477,Slivinski Laura C.,0000-0002-3531-3889
460,460,10525,Compo G. P.,
461,461,10526,Whitaker J. S.,
462,462,10480,Brohan Phillip,
463,463,10481,Allan Rob,
464,464,10482,Yin Xungang,
465,465,10483,Vose Russell,
466,466,10484,Titchner Holly,
467,467,10485,Kennedy John,
468,468,10486,Spencer Lawrence J.,
469,469,10531,Ashcroft L.,
470,470,10488,Bronnimann Stefan,
471,471,10489,Brunet Manola,
472,472,10490,Camuffo Dario,
473,473,10491,Richard,
474,474,10492,Cram Thomas A.,
475,475,10493,Castro Fernando,
476,476,10494,Freeman J. Eric,
477,477,10495,Gergis Joelle,0000-0002-4168-7924
478,478,10496,Hawkins Ed,
479,479,10540,Jones P. D.,
480,480,10498,Jourdain Sylvie,
481,481,10499,Kubota Hisayuki,0000-0003-0693-1618
482,482,10500,Blancq Frank Le,
483,483,10501,Lee Tsz-Cheung,
484,484,10502,Lorrey Andrew,
485,485,10503,Maugeri Maurizio,
486,486,10504,Moore Kent,
487,487,10505,Przybylak Rajmund,
488,488,10506,Chris,
489,489,10507,Tinz Birger,
490,490,10508,Trewin Blair,
491,491,10509,Valente Maria Antonia,
492,492,10510,Wang Xiaolan L.,
493,493,10511,Wilkinson Clive,
494,494,10512,Wood Kevin,
495,495,10513,Wyszynski Przemyslaw,
496,496,10514,Anderson Patricia M.,
497,497,10515,Lozhkin Anatoly V.,
498,498,10516,Yu Zeping,
499,499,10517,Osborne Francesco,
500,500,10518,Wenya Liu,
501,501,10520,De Chiara Gabriele,
502,502,10521,Ferraro Alessandro,
503,503,10522,Huntenburg Julia M,0000-0003-0579-9811
504,504,10523,Kikuchi David,
505,505,10524,Navarro Velez Kimberly,
506,506,10527,Allan R. J.,
507,507,10528,Yin X.,
508,508,10529,Vose R. S.,
509,509,10530,Matsui N.,
510,510,10532,Auchmann R.,
511,511,10533,Bessemoulin P.,
512,512,10534,Brandsma T.,
513,513,10535,Brohan P.,
514,514,10536,Comeaux J.,
515,515,10537,Cram T. A.,
516,516,10538,Groisman P. Y.,
517,517,10539,Hersbach H.,
518,518,10541,Jonsson T.,
519,519,10542,"Jourdain S.,",
520,520,10543,Kelly G.,
521,521,10544,Knapp K. R.,
522,522,10545,Kruger A.,
523,523,10546,Lentini G.,
524,524,10547,Lorrey A.,
525,525,10548,Lott N.,
526,526,10549,Lubker S. J.,
527,527,10550,Luterbacher J.,
528,528,10551,Marshall G. J.,
529,529,10552,Maugeri M.,
530,530,10553,Mock C. J.,
531,531,10554,Mok H. Y.,
532,532,10555,Rodwell M. J.,
533,533,10556,Ross T. F.,
534,534,10557,Srnec L.,
535,535,10558,Valente M. A.,
536,536,10559,Vizi Z.,
537,537,10560,Wang X. L.,
538,538,10561,Westcott N.,
539,539,10562,Woollen J. S.,
540,540,10563,Worley S. J.,
541,541,10565,Vsekhsvyatskii S. K.,
542,542,10566,Anne C.',
543,543,10567,A'Hearn Michael,
544,544,10568,Wekerle Claudia,
545,545,10569,Bosch Wolfgang,
546,546,10570,Seitz Florian,0000-0002-0718-6069
547,547,10571,Karrenberg Sophie,0000-0002-7146-588X
548,548,10572,Pappalardo Giuseppe,
549,549,10573,Griesser Michael,0000-0002-2220-2637
550,550,10574,Wagner Gretchen F.,0000-0003-1883-222X
551,551,10575,M. Drobniak Szymon,0000-0001-8101-6247
552,552,10576,Ekman Jan,
553,553,10577,Yarra Tejaswi,
554,554,10580,Marateb Hamid Reza,
555,555,10581,Brew David,
556,556,10582,Adam Benson,
557,557,10586,Zhixiong Zhou,
558,558,10587,Liu Bo,
559,559,10588,Baohua Chen,0000-0002-3065-0739
560,560,10589,Shi Yue,
561,561,10590,Pu Fei,
562,562,10591,Huaqiang Bai,
563,563,10592,Leibin Li,
564,564,10593,Xu Peng,
565,565,10594,Matthews John V.,
566,566,10595,Chris Crawford,
567,567,10596,dhruv alexander,
568,568,10597,Samad Kardan,
569,569,10598,Paya Luis,
570,570,10599,ZIeliński Piotr,
571,571,10600,Brzyska Krystyna,
572,572,10601,Dudek Katarzyna,0000-0002-9810-2536
573,573,10602,Babik Wiesław,
574,574,10603,Nigel J.,
575,575,10604,Gifford Miriam L.,0000-0002-4005-2513
576,576,10605,Walker Liam,0000-0003-0261-0518
577,577,10606,Boddington Claire,
578,578,10607,Jenkins Dafyd J.,
579,579,10608,Wang Ying,
580,580,10609,Hulsmans Jo,
581,581,10610,Kumar Sanjeev,
582,582,10611,Moore Jonathan D.,0000-0002-5486-0407
583,583,10612,Carter Anthony,
584,584,10613,Samavedam Siva,
585,585,10614,Bonomo Giovanni,
586,586,10615,Hersh David S.,0000-0003-1177-2201
587,587,10616,Sherratt Emma,0000-0003-2164-7877
588,588,10617,Kraemer Andrew,0000-0002-1682-4544
589,589,10618,Serb Jeanne,
590,590,10619,Alejandrino Alvin,
591,591,10620,Adams Dean C.,
592,592,10621,Makarieva Olga,0000-0002-2532-4306
593,593,10622,Nesterova Nataliia,0000-0003-0677-4982
594,594,10623,Shikhov Andrey,
595,595,10624,Ostashov Andrey,0000-0001-5826-4138
596,596,10625,Olsen Aaron M.,
597,597,10626,Lok Wun Chao,
598,598,10627,Janell,
599,599,10628,Vish Vishal,
600,600,10629,Amir Anhari,
601,601,10630,Muwei Li,
602,602,10631,Eck Anat,
603,603,10632,Chen Wei,
604,604,10633,Xiaoning Wu,
605,605,10634,Xuzhen Yan,
606,606,10635,Anjian Xu,0000-0003-4186-9485
607,607,10636,Aiting Yang,
608,608,10637,Tootchi Ardalan,
609,609,10638,Jost Anne,
610,610,10639,Ducharne Agnès,
611,611,10640,Ghiggi Gionata,0000-0002-0818-0865
612,612,10641,Gudmundsson Lukas,
613,613,10642,Humphrey Vincent,0000-0002-2541-6382
614,614,10643,Aleksey Bilogur,
615,615,10646,Nattasit Srinurak,
616,616,10647,Mishima Nobuo,
617,617,10648,Grachev Mikhail Aleksandrovich,
618,618,10649,Blanchet Cécile L.,
619,619,10650,Sloan-Dennison Sian,0000-0003-2473-1425
620,620,10651,Javal Marion,0000-0001-7878-2936
621,621,10652,Courtin Claudine,
622,622,10653,Kerdelhué Carole,
623,623,10654,Lombaert Eric,
624,624,10655,Tsykun Tetyana,
625,625,10656,Prospero Simone,0000-0002-9129-8556
626,626,10657,Roques Alain,0000-0002-3734-3918
627,627,10658,Roux Géraldine,
628,628,10659,Sok Hong Kuan,
629,629,10661,Malek Keyvan,
630,630,10662,Larkin Daniel J.,0000-0001-6378-0495
631,631,10663,L. Hipp Andrew,0000-0002-1241-9904
632,632,10664,Kattge Jens,
633,633,10665,Prescott William,
634,634,10666,Tonietto Rebecca K.,
635,635,10667,Jacobi Sarah K.,
636,636,10668,Bowles Marlin L.,
637,637,10669,Kocot Kevin,
638,638,10670,Loiselle Steven,
639,639,10671,Davi Cunha,
640,640,10672,Shupe Scott,
641,641,10673,Rocha Luciana,
642,642,10674,Riveros Elsa Valiente,
643,643,10675,Ong Xuan Hong,
644,644,10678,Berleant Shoshana,
645,645,10679,Gorgolewski Krzysztof,
646,646,10680,Timothy,
647,647,10697,Anonymous Anonymous,
648,648,10698,Rambaut Andrew,
649,649,10699,Thomas Jessica A.,
650,650,10700,John W. H.,
651,651,10701,Welch John J.,
652,652,10703,Ekaterina Gasparian,
653,653,10704,Xiangyu Luo,
654,654,10705,Yingying Wei,0000-0003-3826-336X
655,655,10706,Kaplan Nils Hinrich,0000-0003-0846-6502
656,656,10707,Weiler Markus,
657,657,10708,Tianjin Xie,
658,658,10709,Rafael,
659,659,10710,Kyu-Baek Hwang,
660,660,10711,Greenberg Steve A,
661,661,10712,Peter J,
662,662,10713,Sonu Jha,
663,663,10714,Nevo Noa,
664,664,10715,Toubiana David,0000-0001-9526-1745
665,665,10716,Samani Talya,
666,666,10717,Batushansky Albert,
667,667,10718,Sikron Noga,
668,668,10719,Saranga Yehoshua,
669,669,10720,Fait Aaron,0000-0002-9073-8441
670,670,10722,Royer Michael,
671,671,10723,Mitchell Reynolds,
672,672,10724,Daniel Silion,
673,673,10725,Lemenkova Polina,
674,674,10726,Langevin Jared,
675,675,10727,Leocadio Jailson,
676,676,10728,Yang Hua,
677,677,10729,Liu Xinye,
678,678,10730,Xin Mingming,0000-0003-4010-4165
679,679,10731,Du Jinkun,
680,680,10732,Hu Zhaorong,0000-0002-1815-648X
681,681,10733,Peng Huiru,
682,682,10734,Rossi Vincenzo,0000-0001-9746-2583
683,683,10735,Sun Qixin,
684,684,10736,Ni Zhongfu,
685,685,10737,Yao Yingyin,
686,686,10739,Ciais Philippe,
687,687,10740,peng shushi,
688,688,10741,makowski david,
689,689,10742,Li Wei,
690,690,10746,Henderson Tristan,
691,691,10747,Rakesh Raushan,
692,692,10748,Yuchuan Luo,
693,693,10749,Zhang Zhao,
694,694,10750,Chen Yi,
695,695,10751,Ziyue Li,
696,696,10752,Fulu Tao,
697,697,10753,Napolitano Constanza,0000-0002-7081-6975
698,698,10754,Díaz Diego,
699,699,10755,Sanderson Jim,
700,700,10756,E. Johnson Warren,
701,701,10757,Ritland Kermit,
702,702,10758,Greg,
703,703,10759,Vigalondo Beatriz,0000-0003-1425-4661
704,704,10760,Legese Mekuria,
705,705,10761,Tobias FR De Wit,
706,706,10762,Spieker Nicole,
707,707,10763,Koech Ramona,
708,708,10764,Nyarango Robert,
709,709,10765,Ndwiga Stanley,
710,710,10766,Fenenga Christine J.,0000-0003-4718-5949
711,711,10767,Correia Ana M.,0000-0003-4781-6894
712,712,10768,Gandra Miguel,0000-0003-1506-5141
713,713,10769,Liberal Marcos,0000-0002-8727-2636
714,714,10770,Valente Raul,0000-0001-8544-373X
715,715,10771,Ágatha Gil,
716,716,10772,Rosso Massimiliano,0000-0002-5161-6767
717,717,10773,Pierce Graham J.,
718,718,10774,Wang Jing,
719,719,10775,Kean Laura,
720,720,10776,Jingli Yang,
721,721,10777,Allan Adrian K,
722,722,10778,Shireen A,
723,723,10779,Herzyk Pawel,
724,724,10780,Dow Julian,
725,725,10781,Psomopoulos Fotis,
726,726,10782,Ghouila,
727,727,10783,Dvorak Petr,
728,728,10784,Jacobs Bonnie Fine,
729,729,10785,Masud Mohammad Badrul,0000-0002-0455-230X
730,730,10786,McAllister Tim,
731,731,10787,Lelyk Glenn,
732,732,10788,Kröbel Roland,
733,733,10789,Legesse Getahun,
734,734,10790,Faramarzi Monireh,0000-0001-9190-2824
735,735,10791,Gorgolewski KJ,
736,736,10792,Storkey A,
737,737,10793,Wardlaw JM,
738,738,10794,Pernet CR,
739,739,10795,Yongbo Liang,0000-0002-8337-6147
740,740,10796,Guiyong Liu,
741,741,10797,Zhencheng Chen,
742,742,10798,Elgendi Mohamed,0000-0003-1831-0202
743,743,10799,De Falco Giovanni,0000-0002-4087-2933
744,744,10800,Conforti Alessandro,
745,745,10801,Simeone Simone,0000-0003-3005-3675
746,746,10802,Carrara Paola,
747,747,10803,Lanucara Simone,0000-0002-7159-9124
748,748,10804,Rollinson Njal,
749,749,10805,Edward Baker,
750,750,10806,Jan Povala,
751,751,10807,Andrew Truman,
752,752,10808,Michael Pawlus,
753,753,10813,Angsten Thomas,
754,754,10814,Notestine Randy,
755,755,10815,Gamst Anthony,
756,756,10816,Sluiter Marcel,
757,757,10817,Chaitanya Krishna Ande,
758,758,10818,Sybrand Van Der,
759,759,10819,Plata Jose J.,
760,760,10820,Toher Cormac,
761,761,10821,Curtarolo Stefano,
762,762,10822,Ceder Gerbrand,0000-0001-9275-3605
763,763,10823,Cara Fabrizio,
764,764,10824,Cultrera Giovanna,
765,765,10825,Riccio Gaetano,
766,766,10826,Amoroso Sara,0000-0001-5835-079X
767,767,10827,Bordoni Paola,0000-0002-3391-4402
768,768,10828,Bucci Augusto,
769,769,10829,D’Amico Maria,
770,770,10830,Cantore Luciana,
771,771,10831,Carannante Simona,0000-0002-5209-2221
772,772,10832,Cogliano Rocco,
773,773,10833,Giulio Giuseppe Di,
774,774,10834,Naccio Deborah Di,0000-0002-0344-1173
775,775,10835,Famiani Daniela,0000-0001-8020-2152
776,776,10836,Felicetta Chiara,0000-0003-2852-9144
777,777,10837,Franceschina Gianlorenzo,
778,778,10838,Lovati Sara,
779,779,10839,Luzi Lucia,0000-0003-4312-580X
780,780,10840,Mascandola Claudia,
781,781,10841,Massa Marco,
782,782,10842,Mercuri Alessia,
783,783,10843,Milana Giuliano,0000-0002-2775-4924
784,784,10844,Pucillo Stefania,
785,785,10845,Puglia Rodolfo,0000-0003-2480-1999
786,786,10846,Vassallo Maurizio,0000-0001-8552-6965
787,787,10847,Boniolo Graziano,
788,788,10848,Caielli Grazia,
789,789,10849,Corsi Adelmo,
790,790,10850,Franco Roberto De,
791,791,10851,Tento Alberto,
792,792,10852,Bongiovanni Giovanni,
793,793,10853,Hailemikael Salomon,0000-0002-3007-0830
794,794,10854,Martini Guido,0000-0002-5745-8691
795,795,10855,Paciello Antonella,
796,796,10856,Peloso Alessandro,
797,797,10857,Poggi Fabrizio,
798,798,10858,Vladimiro,
799,799,10859,Gallipoli Maria Rosaria,
800,800,10860,Stabile Tony Alfredo,0000-0002-8070-0167
801,801,10861,Mancini Marco,
802,802,10862,Nurminen Jussi,
803,803,10864,Schwarz Matthias,0000-0002-0043-3522
804,804,10865,Wild Martin,
805,805,10866,Ohmura Atsumu,
806,806,10867,Schär Christoph,
807,807,10868,Müller Guido,
808,808,10869,Folini Doris,
809,809,10870,Hakuba Maria Z,
810,810,10871,Lorenzo Arturo,
811,811,10880,N. Meekings Kiran,
812,812,10881,Leipzig Jeremy,0000-0001-7224-9620
813,813,10882,P. Taylor Graham,0000-0002-3773-2390
814,814,10883,R. M. Bangham Charles,
815,815,10886,Baker Richard G.,
816,816,10887,Yu Le,
817,817,10888,Michael Lee,
818,818,10889,Alexander Perkins,
819,819,10890,Perkins Alexander,
820,820,10891,Tanentzapf Guy,0000-0002-2443-233X
821,821,10892,Guy Tanentzapf,
822,822,10893,Lee Michael,
823,823,10894,Launay Christian,
824,824,10895,Alexander Minushkin,
825,825,10896,Rodo Miguel,0000-0002-2036-4878
826,826,10897,Rozot Virginie,0000-0001-9757-1501
827,827,10898,Hatherill Mark,
828,828,10899,Dintwe One B.,
829,829,10900,Nemes Elisa,0000-0003-1662-4961
830,830,10901,Guo Yuxin,
831,831,10902,Chen Chong,
832,832,10903,Xie Tong,
833,833,10904,Cui Wei,
834,834,10905,Meng Haotian,
835,835,10906,Jin Xiaoye,
836,836,10907,Zhu Bofeng,
837,837,10908,Jia Bingrui,0000-0001-9662-0738
838,838,10909,Zhou Guangsheng,
839,839,10910,Wilson Robert,
840,840,10911,Brown Kevin R,0000-0002-5514-2538
841,841,10912,Jurisica Igor,
842,842,10913,Alex Korablev,
843,843,10914,Froehlich Caroline,
844,844,10915,Dekel Gil,
845,845,10916,Kadi Adnan,
846,846,10917,Hany,
847,847,10918,Attwa Mohamed,
848,848,10919,Myles O'Neill,
849,849,10920,Muschelli John,
850,850,10921,Barrow Lisa,
851,851,10922,Lemmon Alan,
852,852,10923,Lemmon Emily,
853,853,10924,Gesquiere Laurence,
854,854,10925,Altmann Jeanne,
855,855,10926,Archie Elizabeth A.,0000-0002-1187-0998
856,856,10927,Alberts Susan C.,0000-0002-1313-488X
857,857,10928,Shuai Chunyan,
858,858,10929,Yasuhara Moriaki,
859,859,10930,Iwatani Hokuto,0000-0001-6823-6528
860,860,10931,Hunt Gene,
861,861,10932,Okahashi Hisayo,
862,862,10933,Kase Tomoki,
863,863,10934,Hayashi Hiroki,
864,864,10935,Irizuki Toshiaki,
865,865,10936,Yolanda M.,
866,866,10937,Fernando Allan Gil S.,
867,867,10938,Renema Willem,0000-0002-1627-5995
868,868,10939,Cogne Yannick,
869,869,10940,Pible Olivier,0000-0003-4398-6730
870,870,10941,Gouveia Duarte,0000-0001-5578-3370
871,871,10942,François Adeline,
872,872,10943,Bouchez Olivier,
873,873,10944,Eché Camille,
874,874,10945,Ford Alex,
875,875,10946,Geffard Olivier,
876,876,10947,Armengaud Jean,
877,877,10948,Chaumot Arnaud,0000-0001-9132-3419
878,878,10949,Almunia Christine,
879,879,10950,Bolch Tobias,
880,880,10951,Tazio,
881,881,10952,Paul Frank,
882,882,10953,KAVYA H. RAO,
883,883,10954,I. V. LITVINYUK,
884,884,10955,R. T. SANG,
885,885,10956,Anurag Sharma,
886,886,10957,Wood Wendy H,
887,887,10958,Marshall Shawn J,
888,888,10959,Whitehead Terri L,
889,889,10960,P. Gonçalves Bronner,
890,890,10961,Kapulu Melissa C.,0000-0003-0321-7128
891,891,10962,Brambilla Alice,
892,892,10963,Keller Lukas,
893,893,10964,Bassano Bruno,
894,894,10965,Grossen Christine,
895,895,10966,Sudip Das,
896,896,10967,Rasolofoson Ranaivo,
897,897,10969,Klok E.J.,
898,898,10972,Zhengyuan Zhu,0000-0002-2266-0646
899,899,10978,Qiaozhen Ke,
900,900,10979,Yidi Wu,
901,901,10980,Alin Secareanu,
902,902,10981,Rajath Chidananda,
903,903,10983,Wen Zhixin,
904,904,10984,Quan Qing,
905,905,10985,Du Yuanbao,
906,906,10986,Xia Lin,
907,907,10987,Ge Deyan,
908,908,10988,Yang Qisen,
909,909,10989,Skeels Alexander,0000-0002-9973-4703
910,910,10990,Cardillo Marcel,0000-0001-9855-0817
911,911,10995,Baihan Abdullah,
912,912,10996,Flesch Elizabeth,
913,913,10997,Rotella Jay,
914,914,10998,Thomson Jennifer,
915,915,10999,Graves Tabitha,
916,916,11000,Garrott Robert,
917,917,11001,Salomé Jenny Von,
918,918,11002,Kukkonen Jyrki,
919,919,11003,Borowiec Marek L.,
920,920,11004,K. Lee Ernest,
921,921,11005,C. Chiu Joanna,
922,922,11006,C. Plachetzki David,
923,923,11007,Nikhil Parihar,
924,924,11008,Xiaolu Tang,
925,925,11009,Shaohui Fan,
926,926,11010,Wenjie Zhang,
927,927,11011,Sicong Gao,0000-0001-6429-1917
928,928,11012,Chen Guo,
929,929,11013,Leilei Shi,
930,930,11015,Chen Hongmei,0000-0003-2460-838X
931,931,11016,Yang Ziming,0000-0003-0312-8408
932,932,11017,Chu Rosalie,0000-0001-7428-7647
933,933,11018,Liang Liyuan,
934,934,11019,Wullschleger Stan,
935,935,11020,Gu Baohua,
936,936,11021,Rippe John P.,
937,937,11022,V. Matz Mikhail,
938,938,11023,Medina Mónica,
939,939,11024,Khawaja Nida Z.,
940,940,11025,H. Pinzón C. Jorge,
941,941,11026,D. Castillo Karl,
942,942,11027,W. Davies Sarah,
943,943,11028,Ashadullah Shawon,
944,944,11029,Eus,
945,945,11030,Md Irfan Ali,
946,946,11031,Wenxuan Fan,
947,947,11033,Ruhnau Oliver,
948,948,11034,Praktiknjo Aaron,0000-0002-2151-4241
949,949,11035,Li Sanbai,
950,950,11036,Driemel Amelie,0000-0001-8667-5217
951,951,11037,Cox Christopher J,0000-0003-2203-7173
952,952,11038,Grobe Hannes,0000-0002-4133-2218
953,953,11039,Schumacher Stefanie,0000-0002-8310-9743
954,954,11040,Sieger Rainer,0000-0002-9175-884X
955,955,11041,König-Langlo Gert,0000-0002-6100-4107
956,956,11042,Augustine John,
957,957,11043,Behrens Klaus,
958,958,11044,Colle Sergio,
959,959,11045,Denn Fred M,
960,960,11046,Duprat Thierry,
961,961,11047,Dutton Ellsworth G,
962,962,11048,Fukuda Masato,
963,963,11049,Haeffelin Martial,
964,964,11050,Hodges Gary,
965,965,11051,Hyett Nicole,
966,966,11052,Ijima Osamu,
967,967,11053,Kallis Ain,
968,968,11054,Knap Wouter,
969,969,11055,Kustov Vasilii,
970,970,11056,Long Charles,
971,971,11057,Longenecker David,
972,972,11058,Lupi Angelo,0000-0002-5009-9876
973,973,11059,Mimouni Mohamed,
974,974,11060,Ntsangwane Lucky,
975,975,11061,Ogihara Hiroyuki,
976,976,11062,Olano Xabier,
977,977,11063,Olefs Marc,0000-0002-5813-236X
978,978,11064,Omori Masao,
979,979,11065,Passamani Lance,
980,980,11066,Pereira Enio Bueno,
981,981,11067,Schmithüsen Holger,
982,982,11068,Tamlyn Jonathan,
983,983,11069,Vogt Roland,
984,984,11070,Xia Xiangao,
985,985,11071,Ohmura,
986,986,11072,Mishra Puneet,
987,987,11075,Kim Sung Young,
988,988,11076,Zhang Liang,
989,989,11077,He Wenlong,
990,990,11078,Charlie Yaris,
991,991,11079,Gary Broughton,
992,992,11080,Ionas Kelepouris,
993,993,11082,Kan Erik,
994,994,11083,Anglin Julia,
995,995,11084,Borich Michael,
996,996,11085,Thompson Paul,
997,997,11086,Fortelli Alberto,
998,998,11087,Matano Fabio,0000-0001-7021-9364
999,999,11088,Sacchi Marco,
1000,1000,11094,Rasmi Ranjan Patra,
1001,1001,11095,Bagus Nugraha,
1002,1002,11096,Barbier Francois,0000-0002-1177-1930
1003,1003,11097,Tanurdzic Milos,0000-0002-7564-0868
1004,1004,11098,Beveridge Christine,0000-0003-0878-3110
1005,1005,11099,Tinashe Chabikwa,0000-0002-1389-9524
1006,1006,11100,P. Broderick Michael,0000-0001-9765-5537
1007,1007,11101,J. Anderson Andrew,0000-0003-0316-9787
1008,1008,11102,Di Liberto Giovanni M.,
1009,1009,11103,Crosse Michael J.,0000-0002-8282-8973
1010,1010,11104,C. Lalor Edmund,
1011,1011,11105,Ravetto Enri Simone,0000-0002-3584-8031
1012,1012,11106,Probo Massimiliano,0000-0002-0017-7557
1013,1013,11107,Renna Manuela,0000-0003-4296-7589
1014,1014,11108,Caro Eleonora,
1015,1015,11109,Lussiana Carola,0000-0002-0641-5966
1016,1016,11110,Lombardi Giampiero,0000-0003-3787-2374
1017,1017,11111,Lonati Michele,0000-0001-8886-0328
1018,1018,11112,Cipollini Ben,
1019,1019,11117,Tehrani Bernard,
1020,1020,11118,Alex Meyer,
1021,1021,11120,Monaghan A. J.,
1022,1022,11121,Bruyere C. L.,
1023,1023,11122,Yates D.,
1024,1024,11123,Wendy Kan,
1025,1025,11124,Yura Shakhnazaryan,
1026,1026,11125,Schmale Julia,0000-0002-1048-7962
1027,1027,11126,Kutzner Rebecca D,
1028,1028,11127,von Schneidemesser Erika,0000-0003-1386-285X
1029,1029,11128,Kuik Friderike,
1030,1030,11129,Quedenau Jörn,
1031,1031,11130,Weatherhead Betsy,
1032,1032,11131,Payne Sam,
1033,1033,11132,Lemieux Claude,
1034,1034,11133,Otis Christian,
1035,1035,11134,Turmel Monique,
1036,1036,11136,Vierkant Paul,0000-0003-4448-3844
1037,1037,11137,Sheingate Adam,0000-0003-2765-420X
1038,1038,11138,Martin Robert,
1039,1039,11139,Keeve Nachman,
1040,1040,11140,Jacobs Grant H.,
1041,1041,11141,Peter A.,
1042,1042,11142,Warren P.,
1043,1043,11143,Chris M.,
1044,1044,11144,Rosengrave Patrice,0000-0001-8421-3094
1045,1045,11145,Montgomerie Robert,
1046,1046,11146,Gemmell Neil,
1047,1047,11147,Marko K,
1048,1048,11151,Antonio Feregrino Bolaños,
1049,1049,11152,Stone Daphne F.,
1050,1050,11153,James W.,
1051,1051,11154,Anderson Frances L.,
1052,1052,11155,Lendemer James C.,
1053,1053,11156,Jeffery Mairi Louise,0000-0002-3584-8111
1054,1054,11157,Gütschow Johannes,0000-0001-9944-3685
1055,1055,11158,Gieseke Robert,0000-0002-1236-5109
1056,1056,11159,Gebel Ronja,
1057,1057,11160,Michael Fekadu,
1058,1058,11161,Dun Hongchao,
1059,1059,11163,Jake Waitze,
1060,1060,11164,Mike Ortman,
1061,1061,11165,John D,
1062,1062,11168,McVay John D.,
1063,1063,11169,S. Manos Paul,
1064,1064,11170,Willmott Cort J.,
1065,1065,11171,Rowe Clinton M.,
1066,1066,11172,Johnston Alice S. A.,0000-0001-8781-4039
1067,1067,11173,Richard M.,
1068,1068,11174,Eugene F,
1069,1069,11175,Partridge Linda,
1070,1070,11176,Thornton Janet M,
1071,1071,11178,Abineshkumar K,
1072,1072,11179,Ehrnthaller Christian,
1073,1073,11180,Adithya Ganesh,
1074,1074,11181,Mathias Meldgaard Pedersen,
1075,1075,11186,shivam rishishwar,
1076,1076,11190,JeanDavid Blanc,
1077,1077,11191,John Simpson,
1078,1078,11192,Edmund Weiner,
1079,1079,11193,James Murray,
1080,1080,11194,Friedrich Konrad Beilstein,
1081,1081,11195,James H. Billington,
1082,1082,11196,Université Laval,
1083,1083,11197,Tim Brody,
1084,1084,11198,Gaston Waringhien,
1085,1085,11199,Aaron Swartz,
1086,1086,11200,Antônio Houaiss,
1087,1087,11201,Elliott,
1088,1088,11202,del Hoyo,
1089,1089,11203,A.,
1090,1090,11204,Maksim Moshkov,
1091,1091,11205,Mahbod Moghadam,
1092,1092,11206,Paul E. Black,
1093,1093,11207,Cornell Lab,
1094,1094,11208,Peter H. Raven,
1095,1095,11209,De Yuan Hong,
1096,1096,11210,Wu Zhengyi,
1097,1097,11211,Milun Tesovic,
1098,1098,11212,Pierre Nolot,
1099,1099,11213,Boye Wangensteen,
1100,1100,11214,Ronald Fricke,
1101,1101,11215,Richard van der Laan,0000-0003-2040-2106
1102,1102,11216,William Eschmeyer,
1103,1103,11217,Leo van de Pas,
1104,1104,11218,Darryl Roger Lundy,
1105,1105,11219,Miwa Ahlström,
1106,1106,11220,Kim Ahlström,
1107,1107,11221,Elizabeth Hawley,
1108,1108,11222,Denny Vrandečić,
1109,1109,11223,Markus Krötzsch,
1110,1110,11224,Timothy W. Clark,0000-0003-4060-7360
1111,1111,11225,Paolo Ciccarese,
1112,1112,11226,David Shotton,0000-0001-5506-523X
1113,1113,11227,Jonathon Green,
1114,1114,11228,Sebastien,
1115,1115,11229,Erik,
1116,1116,11230,Kouwenhoven,
1117,1117,11231,Vincent,
1118,1118,11232,K.,
1119,1119,11233,Kun,
1120,1120,11234,Frolov,
1121,1121,11235,Plissard,
1122,1122,11236,Zuo,
1123,1123,11238,Andrea Wei-Ching Huang,
1124,1124,11239,Cheng-Jen Lee,0000-0002-4645-381X
1125,1125,11240,Anthony G.,
1126,1126,11241,David C.,
1127,1127,11242,Muhannad,
1128,1128,11243,Roger Finke,
1129,1129,11244,Sarah Montminy,
1130,1130,11245,Robert R. Martin,
1131,1131,11246,Jaime Harris,
1132,1132,11247,George Lewith,
1133,1133,11248,Niko Kohls,
1134,1134,11249,Harald Walach,
1135,1135,11250,Peter V. Marsden,
1136,1136,11251,Tom W. Smith,
1137,1137,11252,James A. Davis,
1138,1138,11267,Eric Plutzer,0000-0002-5456-7227
1139,1139,11268,Michael B. Berkman,
1140,1140,11269,Michael O. Emerson,
1141,1141,11270,Elaine Howard Ecklund,
1142,1142,11271,Roberto Cipriani,
1143,1143,11272,Vincenzo Cesareo,
1144,1144,11273,Clemente Lanzetti,
1145,1145,11274,Giancarlo Rovati,
1146,1146,11275,Lu Yengfang,
1147,1147,11276,Carson Mencken,
1148,1148,11277,Byron Johnson,
1149,1149,11278,Rodney Stark,
1150,1150,11279,Eric Liu,
1151,1151,11280,Anna Sun,
1152,1152,11281,Chiu Heu-Yuan,
1153,1153,11282,Fenggang Yangf,
1154,1154,11283,Victor Yuan,
1155,1155,11284,Sarah K Lippincott,0000-0002-5700-5844
1156,1156,11285,D. Barardo,
1157,1157,11286,R. Tacutu,
1158,1158,11287,E. Johnson,
1159,1159,11288,E. Diana,
1160,1160,11289,J. P. de Magalhaes,
1161,1161,11290,G. Lehmann,
1162,1162,11291,V. E. Fraifeld,
1163,1163,11292,D. Toren,
1164,1164,11293,J. Wang,
1165,1165,11294,T. Craig,
1166,1166,11295,A. Budovsky,
1167,1167,11296,D. Thornton,
1168,1168,11297,Dan Koehl,
